log,pages,total_success,total_failure,total_bytes,elapsed_sec,rate_official,rate_recomputed,num_404,num_403,success_rate_pct
run1.tsv,0,0,0,0,0.0,0.0,0.0,0,0,0.0
run1_fast.tsv,679,647,32,234090861,0.0,0.0,0.4204500983320701,0,0,95.28718703976436
run2_fast.tsv,2367,1759,608,644465506,0.0,0.0,0.18911640294369628,0,0,74.31347697507394
run2_fast.tsv,2367,1759,608,644465506,0.0,0.0,0.18911640294369628,0,0,74.31347697507394
run3_fast.tsv,2239,1407,832,491231251,0.0,0.0,0.1533579500583226,0,0,62.84055381866905
profile.tsv,1435,1057,378,73.66,355465871,0.000,0.00,0.33,0,0
profile.tsv,1295,1170,125,90.35,151680811,54.333,23.83,0.99,22,32
profile.tsv,0,0,0,0.00,0,411.059,0.00,0.00,0,0
